{
  "project_info": {
    "project_number": "710966685402",
    "project_id": "myproject-813f7",
    "storage_bucket": "myproject-813f7.appspot.com"
  },
  "client": [
    {
      "client_info": {
        "mobilesdk_app_id": "1:710966685402:android:60099daa8b9be1714bffe3",
        "android_client_info": {
          "package_name": "com.example.application"
        }
      },
      "oauth_client": [],
      "api_key": [
        {
          "current_key": "AIzaSyBaHFqs8Ve3LovjBkUtSC_a7YZVutJA5_0"
        }
      ],
      "services": {
        "appinvite_service": {
          "other_platform_oauth_client": []
        }
      }
    }
  ],
  "configuration_version": "1"
}